{"cameraMode":{"drawMode":0,"name":"Shaded","section":"Shading Mode"},"sceneLighting":true,"audioPlay":false,"sceneViewState":{"m_AlwaysRefresh":false,"showFog":true,"showSkybox":true,"showFlares":true,"showImageEffects":true,"showParticleSystems":true,"showVisualEffectGraphs":true,"m_FxEnabled":true},"in2DMode":false,"pivot":{"x":1.139999270439148,"y":1.139999270439148,"z":1.139999270439148},"rotation":{"x":0.0011899289675056935,"y":-0.030897706747055055,"z":-0.000036776767956325784,"w":-0.9995221495628357},"size":3.700389862060547,"orthographic":false}