{"cameraMode":{"drawMode":0,"name":"Shaded","section":"Shading Mode"},"sceneLighting":true,"audioPlay":false,"sceneViewState":{"m_AlwaysRefresh":false,"showFog":true,"showSkybox":true,"showFlares":true,"showImageEffects":true,"showParticleSystems":true,"showVisualEffectGraphs":true,"m_FxEnabled":true},"in2DMode":false,"pivot":{"x":5.273141860961914,"y":-1.1980462074279786,"z":106.04566955566406},"rotation":{"x":-0.1125701367855072,"y":-0.0023874237667769195,"z":0.00027044228045269847,"w":-0.9936412572860718},"size":14.742557525634766,"orthographic":false}